"state","total_earmarks_Baseline","total_earmarks_With Earmarks","total_repayments_Baseline","total_repayments_With Earmarks","total_cap_grants_Baseline","total_cap_grants_With Earmarks","earmark_amount","repayment_loss_amount","net_funding_change","net_financial_impact","loss_start","loss_end","funding_change_positive","funding_change_negative","impact_type"
"TX",0,184747650,3143777532.59479,3060614718.87701,1542316473.68421,733444904.896211,184747650,83162813.7177835,-808871568.788,-892034382.505783,-808871568.788,-892034382.505783,0,-808871568.788,"Negative Net Impact"
"CA",0,1296267030,5007125205.33518,4411639371.90835,1762929571.57895,1713528688.06295,1296267030,595485833.426837,-49400883.5159988,-644886716.942836,-49400883.5159988,-644886716.942836,0,-49400883.5159988,"Negative Net Impact"
"FL",0,283084240,2081165006.23687,1949353820.15432,708652826.315789,541445262.07179,283084240,131811186.082554,-167207564.244,-299018750.326554,-167207564.244,-299018750.326554,0,-167207564.244,"Negative Net Impact"
"PA",0,277475290,1957402253.62203,1827987602.00326,598216389.473684,464072994.153684,277475290,129414651.618765,-134143395.32,-263558046.938765,-134143395.32,-263558046.938765,0,-134143395.32,"Negative Net Impact"
"NC",0,167651360,1151706973.63103,1075899566.01993,556505308.421053,379559222.517053,167651360,75807407.6111031,-176946085.904,-252753493.515103,-176946085.904,-252753493.515103,0,-176946085.904,"Negative Net Impact"
"GA",0,154287810,997700792.234784,929078023.52318,469446421.052631,285931159.168631,154287810,68622768.7116038,-183515261.884,-252138030.595604,-183515261.884,-252138030.595604,0,-183515261.884,"Negative Net Impact"
"IN",0,9597520,2111253733.94132,2106543283.32056,309850614.736842,104565668.448842,9597520,4710450.6207583,-205284946.288,-209995396.908758,-205284946.288,-209995396.908758,0,-205284946.288,"Negative Net Impact"
"MD",0,126461720,516167904.287775,463352208.308059,287488166.315789,154349927.083789,126461720,52815695.9797165,-133138239.232,-185953935.211716,-133138239.232,-185953935.211716,0,-133138239.232,"Negative Net Impact"
"IA",0,5.5e+07,1307981325.50168,1281884879.06083,309635909.473684,177914688.873684,5.5e+07,26096446.4408462,-131721220.6,-157817667.040846,-131721220.6,-157817667.040846,0,-131721220.6,"Negative Net Impact"
"AL",0,165787520,895813205.752076,812625806.291765,306561052.631579,251211732.323579,165787520,83187399.4603108,-55349320.3079999,-138536719.768311,-55349320.3079999,-138536719.768311,0,-55349320.3079999,"Negative Net Impact"
"TN",0,145626240,384737921.814526,321623014.332583,238456631.578947,174907904.506947,145626240,63114907.4819431,-63548727.0719999,-126663634.553943,-63548727.0719999,-126663634.553943,0,-63548727.0719999,"Negative Net Impact"
"WA",0,284638200,981956809.446525,857802808.826181,432588420.989474,431642290.873474,284638200,124154000.620344,-946130.115999997,-125100130.736344,-946130.115999997,-125100130.736344,0,-946130.115999997,"Negative Net Impact"
"DE",0,1.8e+07,321652064.877311,313607054.198214,186493897.894737,79796417.4947369,1.8e+07,8045010.67909771,-106697480.4,-114742491.079098,-106697480.4,-114742491.079098,0,-106697480.4,"Negative Net Impact"
"IL",0,523675660,3715875106.08767,3469989627.38711,688728842.105263,835001436.493263,523675660,245885478.700563,146272594.388,-99612884.3125633,146272594.388,-99612884.3125633,146272594.388,0,"Negative Net Impact"
"MA",0,308585070,2654193218.56746,2515657289.13063,416062842.105263,456249829.245263,308585070,138535929.436831,40186987.1399999,-98348942.2968306,40186987.1399999,-98348942.2968306,40186987.1399999,0,"Negative Net Impact"
"ID",0,5.5e+07,350341744.207289,325073361.315,185316130.526316,115618650.126316,5.5e+07,25268382.8922893,-69697480.4,-94965863.2922894,-69697480.4,-94965863.2922894,0,-69697480.4,"Negative Net Impact"
"RI",0,7.1e+07,723537957.032763,689558353.965615,185325789.473684,131628309.073684,7.1e+07,33979603.0671474,-53697480.4,-87677083.4671474,-53697480.4,-87677083.4671474,0,-53697480.4,"Negative Net Impact"
"NH",0,79529720,294237104.20608,256872172.974258,184934097.894737,139766337.494737,79529720,37364931.2318226,-45167760.3999999,-82532691.6318225,-45167760.3999999,-82532691.6318225,0,-45167760.3999999,"Negative Net Impact"
"LA",0,189480000,605735941.532052,509085882.832101,310782210.526316,328960362.378316,189480000,96650058.6999517,18178151.8520001,-78471906.8479516,18178151.8520001,-78471906.8479516,18178151.8520001,0,"Negative Net Impact"
"KS",0,128792560,1517639188.70968,1453386323.92977,232461567.368421,221134149.320421,128792560,64252864.779911,-11327418.0479998,-75580282.8279109,-11327418.0479998,-75580282.8279109,0,-11327418.0479998,"Negative Net Impact"
"VA",0,176217420,453236606.007777,377639453.503138,293469287.368421,294057360.004421,176217420,75597152.5046396,588072.635999918,-75009079.8686396,588072.635999918,-75009079.8686396,588072.635999918,0,"Negative Net Impact"
"NY",0,958182400,4454646395.01485,4005610097.94123,1176596962.10526,1552508828.63726,958182400,449036297.073622,375911866.532,-73124430.5416224,375911866.532,-73124430.5416224,375911866.532,0,"Negative Net Impact"
"MO",0,232400000,323225581.655242,221762061.314016,370705789.473684,399655196.421684,232400000,101463520.341226,28949406.9479999,-72514113.3932263,28949406.9479999,-72514113.3932263,28949406.9479999,0,"Negative Net Impact"
"HI",0,89653020,434613633.764754,399045233.146482,191920692.631579,156876232.231579,89653020,35568400.6182719,-35044460.4000001,-70612861.018272,-35044460.4000001,-70612861.018272,0,-35044460.4000001,"Negative Net Impact"
"VT",0,95200000,253966912.899065,215667426.84845,183345317.894737,153847837.494737,95200000,38299486.0506148,-29497480.3999999,-67796966.4506147,-29497480.3999999,-67796966.4506147,0,-29497480.3999999,"Negative Net Impact"
"NM",0,106095040,226640730.164162,180031370.907753,208057473.147368,189455032.747368,106095040,46609359.2564082,-18602440.4,-65211799.6564082,-18602440.4,-65211799.6564082,0,-18602440.4,"Negative Net Impact"
"WI",0,277724760,950985028.547304,822917182.463775,375694300,440393468.516,277724760,128067846.083529,64699168.5160002,-63368677.5675288,64699168.5160002,-63368677.5675288,64699168.5160002,0,"Negative Net Impact"
"CT",0,130225090,462994128.764481,401528700.321952,176915263.157895,182442872.757895,130225090,61465428.442529,5527609.60000011,-55937818.8425289,5527609.60000011,-55937818.8425289,5527609.60000011,0,"Negative Net Impact"
"CO",0,282178640,787191735.793324,668567703.414644,354841684.210526,418957233.510526,282178640,118624032.378681,64115549.2999999,-54508483.0786808,64115549.2999999,-54508483.0786808,64115549.2999999,0,"Negative Net Impact"
"OH",0,438149250,3884012508.90852,3683772597.88676,571652000,727807544.296,438149250,200239911.021761,156155544.296,-44084366.7257614,156155544.296,-44084366.7257614,156155544.296,0,"Negative Net Impact"
"AZ",0,318161210,301104978.723683,157801543.564448,185201473.684211,285069592.98421,318161210,143303435.159235,99868119.2999998,-43435315.8592351,99868119.2999998,-43435315.8592351,99868119.2999998,0,"Negative Net Impact"
"NE",0,183146400,484520611.520697,392432968.993893,214271616.842105,272720536.442105,183146400,92087642.5268039,58448919.5999999,-33638722.926804,58448919.5999999,-33638722.926804,58448919.5999999,0,"Negative Net Impact"
"NV",0,195016400,350310947.981259,255697575.287178,209572968.421053,274594388.805053,195016400,94613372.6940808,65021420.3839999,-29591952.3100809,65021420.3839999,-29591952.3100809,65021420.3839999,0,"Negative Net Impact"
"MI",0,499650360,1798406818.83737,1559425429.60824,685758455.789473,901251360.477474,499650360,238981389.229128,215492904.688,-23488484.5411272,215492904.688,-23488484.5411272,215492904.688,0,"Negative Net Impact"
"OR",0,323770000,482032538.730806,331049044.779339,252983157.894737,390111937.294737,323770000,150983493.951466,137128779.4,-13854714.5514661,137128779.4,-13854714.5514661,137128779.4,0,"Negative Net Impact"
"AR",0,280500000,1508994036.70553,1365917007.2866,361792217.894737,492387241.414737,280500000,143077029.418928,130595023.52,-12482005.8989282,130595023.52,-12482005.8989282,130595023.52,0,"Negative Net Impact"
"KY",0,266280000,542123862.340815,421768906.783136,243468947.368421,357370221.280421,266280000,120354955.557678,113901273.912,-6453681.64567819,113901273.912,-6453681.64567819,113901273.912,0,"Negative Net Impact"
"ME",0,206310000,272134356.086755,186607955.901187,168100000,249712519.6,206310000,85526400.1855683,81612519.5999999,-3913880.58556834,81612519.5999999,-3913880.58556834,81612519.5999999,0,"Negative Net Impact"
"SC",0,299150000,586730220.34825,440709471.556629,217386360.378947,360647009.878947,299150000,146020748.791622,143260649.5,-2760099.29162145,143260649.5,-2760099.29162145,143260649.5,0,"Negative Net Impact"
"MN",0,357538770,1247119874.1554,1085533855.1639,330305894.736842,499806569.332842,357538770,161586018.991493,169500674.596,7914655.60450739,169500674.596,7914655.60450739,169500674.596,0,"Positive Net Impact"
"MS",0,347484240,438761622.7756,271933292.712585,182942105.263158,374776994.763158,347484240,166828330.063015,191834889.5,25006559.4369845,191834889.5,25006559.4369845,191834889.5,0,"Positive Net Impact"
"OK",0,403282810,2479970789.113,2282354834.00724,291559368.421053,514355331.841053,403282810,197615955.105767,222795963.42,25180008.3142328,222795963.42,25180008.3142328,222795963.42,0,"Positive Net Impact"
"UT",0,277544810,398189671.600409,277028870.699489,198667894.736842,351515224.336842,277544810,121160800.90092,152847329.6,31686528.6990804,152847329.6,31686528.6990804,152847329.6,0,"Positive Net Impact"
"AK",0,313620000,729553820.094688,574811097.463434,296315789.473684,485238309.073684,313620000,154742722.631254,188922519.6,34179796.968746,188922519.6,34179796.968746,188922519.6,0,"Positive Net Impact"
"NJ",0,452077930,2046286807.80142,1854807851.27284,460527972.631579,690172187.519579,452077930,191478956.528581,229644214.888,38165258.3594193,229644214.888,38165258.3594193,229644214.888,0,"Positive Net Impact"
"WV",0,365314380,415609700.050964,316748218.120637,199464443.021053,440081342.621053,365314380,98861481.9303271,240616899.6,141755417.669673,240616899.6,141755417.669673,240616899.6,0,"Positive Net Impact"
