"state","allotment","pct","fy","program","base_total","hypothetical","account","total_earmarks","state_abbr","actual_total","difference","diff_as_pct","bar_color"
"Alabama",8719000,0.0177,"FY23","DWSRF",1103040899,19523823.9123,"STAG— Drinking Water State Revolving Fund",1800000,"AL",10519000,-9004823.9123,-0.461222348283267,"Negative"
"Alaska",4938000,0.01,"FY23","DWSRF",1103040899,11030408.99,"STAG— Drinking Water State Revolving Fund",8162000,"AK",13100000,2069591.01,0.187625954021855,"Positive"
"Arizona",8638000,0.0175,"FY23","DWSRF",1103040899,19303215.7325,"STAG— Drinking Water State Revolving Fund",14867361,"AZ",23505361,4202145.2675,0.217691462693702,"Positive"
"Arkansas",5912000,0.012,"FY23","DWSRF",1103040899,13236490.788,"STAG— Drinking Water State Revolving Fund",15050000,"AR",20962000,7725509.212,0.583652369478762,"Positive"
"California",53272000,0.1079,"FY23","DWSRF",1103040899,119018113.0021,"STAG— Drinking Water State Revolving Fund",74512099,"CA",127784099,8765985.99790001,0.0736525372213332,"Positive"
"Colorado",8650000,0.0175,"FY23","DWSRF",1103040899,19303215.7325,"STAG— Drinking Water State Revolving Fund",13193600,"CO",21843600,2540384.2675,0.131604200186338,"Positive"
"Connecticut",4938000,0.01,"FY23","DWSRF",1103040899,11030408.99,"STAG— Drinking Water State Revolving Fund",7863000,"CT",12801000,1770591.01,0.16051907155983,"Positive"
"Delaware",4938000,0.01,"FY23","DWSRF",1103040899,11030408.99,"STAG— Drinking Water State Revolving Fund",1800000,"DE",6738000,-4292408.99,-0.389143230671812,"Negative"
"Florida",17820000,0.0361,"FY23","DWSRF",1103040899,39819776.4539,"STAG— Drinking Water State Revolving Fund",12692972,"FL",30512972,-9306804.4539,-0.233723171818271,"Negative"
"Georgia",13389000,0.0271,"FY23","DWSRF",1103040899,29892408.3629,"STAG— Drinking Water State Revolving Fund",6436000,"GA",19825000,-10067408.3629,-0.33678813164465,"Negative"
"Hawaii",4938000,0.01,"FY23","DWSRF",1103040899,11030408.99,"STAG— Drinking Water State Revolving Fund",2160000,"HI",7098000,-3932408.99,-0.356506181553654,"Negative"
"Idaho",4938000,0.01,"FY23","DWSRF",1103040899,11030408.99,NA,0,"ID",4938000,-6092408.99,-0.552328476262601,"Negative"
"Illinois",14985000,0.0303,"FY23","DWSRF",1103040899,33422139.2397,"STAG— Drinking Water State Revolving Fund",25470095,"IL",40455095,7032955.7603,0.210428055184032,"Positive"
"Indiana",8473000,0.0172,"FY23","DWSRF",1103040899,18972303.4628,NA,0,"IN",8473000,-10499303.4628,-0.553401619544329,"Negative"
"Iowa",7424000,0.015,"FY23","DWSRF",1103040899,16545613.485,NA,0,"IA",7424000,-9121613.485,-0.551301013605178,"Negative"
"Kansas",5507000,0.0112,"FY23","DWSRF",1103040899,12354058.0688,"STAG— Drinking Water State Revolving Fund",1e+07,"KS",15507000,3152941.9312,0.255215081039866,"Positive"
"Kentucky",6012000,0.0122,"FY23","DWSRF",1103040899,13457098.9678,"STAG— Drinking Water State Revolving Fund",11328000,"KY",17340000,3882901.0322,0.288539234309784,"Positive"
"Louisiana",6741000,0.0137,"FY23","DWSRF",1103040899,15111660.3163,"STAG— Drinking Water State Revolving Fund",4430000,"LA",11171000,-3940660.3163,-0.260769513992414,"Negative"
"Maine",4938000,0.01,"FY23","DWSRF",1103040899,11030408.99,"STAG— Drinking Water State Revolving Fund",6084000,"ME",11022000,-8408.99000000022,-0.000762346165733626,"Negative"
"Maryland",10260000,0.0208,"FY23","DWSRF",1103040899,22943250.6992,"STAG— Drinking Water State Revolving Fund",5845000,"MD",16105000,-6838250.6992,-0.298050646303509,"Negative"
"Massachusetts",10602000,0.0215,"FY23","DWSRF",1103040899,23715379.3285,"STAG— Drinking Water State Revolving Fund",14600894,"MA",25202894,1487514.6715,0.0627236297128243,"Positive"
"Michigan",11267000,0.0228,"FY23","DWSRF",1103040899,25149332.4972,"STAG— Drinking Water State Revolving Fund",25796772,"MI",37063772,11914439.5028,0.473747742773153,"Positive"
"Minnesota",7470000,0.0151,"FY23","DWSRF",1103040899,16655917.5749,"STAG— Drinking Water State Revolving Fund",17572972,"MN",25042972,8387054.4251,0.503548026542774,"Positive"
"Mississippi",6184000,0.0125,"FY23","DWSRF",1103040899,13788011.2375,"STAG— Drinking Water State Revolving Fund",18626424,"MS",24810424,11022412.7625,0.799420059400717,"Positive"
"Missouri",8039000,0.0163,"FY23","DWSRF",1103040899,17979566.6537,"STAG— Drinking Water State Revolving Fund",22240000,"MO",30279000,12299433.3463,0.684078408740119,"Positive"
"Montana",4938000,0.01,"FY23","DWSRF",1103040899,11030408.99,NA,0,"MT",4938000,-6092408.99,-0.552328476262601,"Negative"
"Nebraska",4938000,0.01,"FY23","DWSRF",1103040899,11030408.99,NA,0,"NE",4938000,-6092408.99,-0.552328476262601,"Negative"
"Nevada",5120000,0.0104,"FY23","DWSRF",1103040899,11471625.3496,"STAG— Drinking Water State Revolving Fund",16106640,"NV",21226640,9755014.6504,0.850360289245337,"Positive"
"New Hampshire",4938000,0.01,"FY23","DWSRF",1103040899,11030408.99,"STAG— Drinking Water State Revolving Fund",6452972,"NH",11390972,360563.01,0.0326880907432245,"Positive"
"New Jersey",8766000,0.0178,"FY23","DWSRF",1103040899,19634128.0022,"STAG— Drinking Water State Revolving Fund",30896395,"NJ",39662395,20028266.9978,1.02007417877462,"Positive"
"New Mexico",4938000,0.01,"FY23","DWSRF",1103040899,11030408.99,"STAG— Drinking Water State Revolving Fund",4065000,"NM",9003000,-2027408.99,-0.183801796636736,"Negative"
"New York",23065000,0.0467,"FY23","DWSRF",1103040899,51512009.9833,"STAG— Drinking Water State Revolving Fund",46517616,"NY",69582616,18070606.0167,0.350803745040398,"Positive"
"North Carolina",13607000,0.0276,"FY23","DWSRF",1103040899,30443928.8124,"STAG— Drinking Water State Revolving Fund",9046872,"NC",22653872,-7790056.8124,-0.255882112338505,"Negative"
"North Dakota",4938000,0.01,"FY23","DWSRF",1103040899,11030408.99,NA,0,"ND",4938000,-6092408.99,-0.552328476262601,"Negative"
"Ohio",11151000,0.0226,"FY23","DWSRF",1103040899,24928724.3174,"STAG— Drinking Water State Revolving Fund",11428540,"OH",22579540,-2349184.3174,-0.0942360422254054,"Negative"
"Oklahoma",7177000,0.0145,"FY23","DWSRF",1103040899,15994093.0355,"STAG— Drinking Water State Revolving Fund",32203281,"OK",39380281,23386187.9645,1.46217656184647,"Positive"
"Oregon",7428000,0.015,"FY23","DWSRF",1103040899,16545613.485,"STAG— Drinking Water State Revolving Fund",20522000,"OR",27950000,11404386.515,0.689269486763911,"Positive"
"Pennsylvania",16290000,0.033,"FY23","DWSRF",1103040899,36400349.667,"STAG— Drinking Water State Revolving Fund",5040400,"PA",21330400,-15069949.667,-0.414005629200375,"Negative"
"Puerto Rico",4938000,0.01,"FY23","DWSRF",1103040899,11030408.99,NA,0,NA,4938000,-6092408.99,-0.552328476262601,"Negative"
"Rhode Island",4938000,0.01,"FY23","DWSRF",1103040899,11030408.99,"STAG— Drinking Water State Revolving Fund",5e+06,"RI",9938000,-1092408.99,-0.0990361273992978,"Negative"
"South Carolina",6172000,0.0125,"FY23","DWSRF",1103040899,13788011.2375,"STAG— Drinking Water State Revolving Fund",9900000,"SC",16072000,2283988.7625,0.165650340948962,"Positive"
"South Dakota",4937000,0.01,"FY23","DWSRF",1103040899,11030408.99,NA,0,"SD",4937000,-6093408.99,-0.552419134732374,"Negative"
"Tennessee",8312000,0.0168,"FY23","DWSRF",1103040899,18531087.1032,"STAG— Drinking Water State Revolving Fund",5800000,"TN",14112000,-4419087.1032,-0.23846885390965,"Negative"
"Texas",39369000,0.0797,"FY23","DWSRF",1103040899,87912359.6503,"STAG— Drinking Water State Revolving Fund",4500000,"TX",43869000,-44043359.6503,-0.500991667445815,"Negative"
"Utah",4938000,0.01,"FY23","DWSRF",1103040899,11030408.99,"STAG— Drinking Water State Revolving Fund",11876640,"UT",16814640,5784231.01,0.524389532178172,"Positive"
"Vermont",4938000,0.01,"FY23","DWSRF",1103040899,11030408.99,"STAG— Drinking Water State Revolving Fund",3685000,"VT",8623000,-2407408.99,-0.218252015150347,"Negative"
"Virginia",6973000,0.0141,"FY23","DWSRF",1103040899,15552876.6759,"STAG— Drinking Water State Revolving Fund",6452972,"VA",13425972,-2126904.6759,-0.136753137070504,"Negative"
"Washington",11307000,0.0229,"FY23","DWSRF",1103040899,25259636.5871,"STAG— Drinking Water State Revolving Fund",15167972,"WA",26474972,1215335.4129,0.0481137330978336,"Positive"
"West Virginia",4938000,0.01,"FY23","DWSRF",1103040899,11030408.99,"STAG— Drinking Water State Revolving Fund",29609438,"WV",34547438,23517029.01,2.13201786364587,"Positive"
"Wisconsin",8455000,0.0171,"FY23","DWSRF",1103040899,18861999.3729,"STAG— Drinking Water State Revolving Fund",14452972,"WI",22907972,4045972.6271,0.214503910593543,"Positive"
"Wyoming",4938000,0.01,"FY23","DWSRF",1103040899,11030408.99,NA,0,"WY",4938000,-6092408.99,-0.552328476262601,"Negative"
"Alabama",8473000,0.011181980027371,"FY23","CWSRF",1620845642,18124263.5962953,"STAG—Clean Water State Revolving Fund",7e+06,"AL",15473000,-2651263.59629529,-0.1462825555482,"Negative"
"Alaska",4535000,0.00598492616831434,"FY23","CWSRF",1620845642,9700641.49760405,"STAG—Clean Water State Revolving Fund",55520000,"AK",60055000,50354358.502396,5.19082769060509,"Positive"
"Arizona",5118000,0.00675432241001825,"FY23","CWSRF",1620845642,10947714.042941,"STAG—Clean Water State Revolving Fund",12602350,"AZ",17720350,6772635.95705898,0.618634715018512,"Positive"
"Arkansas",4957000,0.00654184763314976,"FY23","CWSRF",1620845642,10603325.2268188,"STAG—Clean Water State Revolving Fund",4660000,"AR",9617000,-986325.226818804,-0.0930203691502463,"Negative"
"California",54191000,0.0715168983433566,"FY23","CWSRF",1620845642,115917853.009187,"STAG—Clean Water State Revolving Fund",74948832,"CA",129139832,13221978.9908134,0.114063353034718,"Positive"
"Colorado",6061000,0.00799881753167656,"FY23","CWSRF",1620845642,12964848.5373711,"STAG—Clean Water State Revolving Fund",2454000,"CO",8515000,-4449848.53737115,-0.343224105128916,"Negative"
"Connecticut",9282000,0.0122496327881574,"FY23","CWSRF",1620845642,19854763.9207852,"STAG—Clean Water State Revolving Fund",9225000,"CT",18507000,-1347763.92078518,-0.0678811355381697,"Negative"
"Delaware",3720000,0.00490935509286204,"FY23","CWSRF",1620845642,7957306.80729594,"STAG—Clean Water State Revolving Fund",10560000,"DE",14280000,6322693.19270406,0.794577027859084,"Positive"
"Florida",25576000,0.0337531359825375,"FY23","CWSRF",1620845642,54708623.3611293,"STAG—Clean Water State Revolving Fund",51772327,"FL",77348327,22639703.6388707,0.413823310621929,"Positive"
"Georgia",12811000,0.0169069215308214,"FY23","CWSRF",1620845642,27403510.0828678,"STAG—Clean Water State Revolving Fund",29398290,"GA",42209290,14805779.9171322,0.540287717608428,"Positive"
"Hawaii",5868000,0.00774411174325657,"FY23","CWSRF",1620845642,12552009.7702184,"STAG—Clean Water State Revolving Fund",4199000,"HI",10067000,-2485009.77021843,-0.197977042378862,"Negative"
"Idaho",3720000,0.00490935509286204,"FY23","CWSRF",1620845642,7957306.80729594,"STAG—Clean Water State Revolving Fund",4560000,"ID",8280000,322693.192704065,0.0405530665737549,"Positive"
"Illinois",34269000,0.045225454214325,"FY23","CWSRF",1620845642,73303480.3707592,"STAG—Clean Water State Revolving Fund",22548296,"IL",56817296,-16486184.3707592,-0.224903159950582,"Negative"
"Indiana",18261000,0.0240993906856865,"FY23","CWSRF",1620845642,39061392.3677503,NA,0,"IN",18261000,-20800392.3677503,-0.532505144003096,"Negative"
"Iowa",10255000,0.0135337194831452,"FY23","CWSRF",1620845642,21936070.2443064,"STAG—Clean Water State Revolving Fund",6e+06,"IA",16255000,-5681070.2443064,-0.25898304395615,"Negative"
"Kansas",6839000,0.00902555900002244,"FY23","CWSRF",1620845642,14629037.9718002,"STAG—Clean Water State Revolving Fund",21100000,"KS",27939000,13309962.0281998,0.909831668620779,"Positive"
"Kentucky",9644000,0.0127273711063337,"FY23","CWSRF",1620845642,20629103.9918177,"STAG—Clean Water State Revolving Fund",12899000,"KY",22543000,1913896.00818226,0.0927764971731869,"Positive"
"Louisiana",8329000,0.0109919404753892,"FY23","CWSRF",1620845642,17816238.816658,"STAG—Clean Water State Revolving Fund",1e+07,"LA",18329000,512761.183341976,0.0287805517549837,"Positive"
"Maine",5865000,0.00774015258592361,"FY23","CWSRF",1620845642,12545592.5873093,"STAG—Clean Water State Revolving Fund",25829453,"ME",31694453,19148860.4126907,1.5263416438424,"Positive"
"Maryland",18326000,0.0241851724279004,"FY23","CWSRF",1620845642,39200431.330781,"STAG—Clean Water State Revolving Fund",10818972,"MD",29144972,-10055459.330781,-0.256513997153017,"Negative"
"Massachusetts",25726000,0.0339510938491851,"FY23","CWSRF",1620845642,55029482.5065847,"STAG—Clean Water State Revolving Fund",19765800,"MA",45491800,-9537682.50658474,-0.173319502058619,"Negative"
"Michigan",32580000,0.0429964486358723,"FY23","CWSRF",1620845642,69690606.3929305,"STAG—Clean Water State Revolving Fund",32925944,"MI",65505944,-4184662.39293052,-0.0600462904474744,"Negative"
"Minnesota",13927000,0.01837972805868,"FY23","CWSRF",1620845642,29790702.1250566,"STAG—Clean Water State Revolving Fund",12380000,"MN",26307000,-3483702.12505658,-0.1169392419968,"Negative"
"Mississippi",6827000,0.00900972237069062,"FY23","CWSRF",1620845642,14603369.2401638,"STAG—Clean Water State Revolving Fund",2.3e+07,"MS",29827000,15223630.7598362,1.04247386404272,"Positive"
"Missouri",21005000,0.0277206999262277,"FY23","CWSRF",1620845642,44930975.6686159,"STAG—Clean Water State Revolving Fund",17401027,"MO",38406027,-6524948.66861589,-0.145221610960332,"Negative"
"Montana",3720000,0.00490935509286204,"FY23","CWSRF",1620845642,7957306.80729594,NA,0,"MT",3720000,-4237306.80729594,-0.532505144003096,"Negative"
"Nebraska",3876000,0.0051152312741756,"FY23","CWSRF",1620845642,8291000.31856964,NA,0,"NE",3876000,-4415000.31856964,-0.532505144003096,"Negative"
"Nevada",3720000,0.00490935509286204,"FY23","CWSRF",1620845642,7957306.80729594,"STAG—Clean Water State Revolving Fund",18269600,"NV",21989600,14032293.1927041,1.76344754984665,"Positive"
"New Hampshire",7572000,0.00999291310837401,"FY23","CWSRF",1620845642,16196969.6625927,"STAG—Clean Water State Revolving Fund",9935000,"NH",17507000,1310030.33740731,0.0808811996748289,"Positive"
"New Jersey",30963000,0.0408624628334105,"FY23","CWSRF",1620845642,66231744.8049204,"STAG—Clean Water State Revolving Fund",28126818,"NJ",59089818,-7141926.80492044,-0.107832381978707,"Negative"
"New Mexico",3720000,0.00490935509286204,"FY23","CWSRF",1620845642,7957306.80729594,"STAG—Clean Water State Revolving Fund",13952000,"NM",17672000,9714693.19270406,1.22085190730572,"Positive"
"New York",83628000,0.110365469813405,"FY23","CWSRF",1620845642,178885390.77434,"STAG—Clean Water State Revolving Fund",63646193,"NY",147274193,-31611197.7743399,-0.176712014533466,"Negative"
"North Carolina",13675000,0.0180471588427119,"FY23","CWSRF",1620845642,29251658.7606914,"STAG—Clean Water State Revolving Fund",17285839,"NC",30960839,1709180.23930863,0.0584301988920176,"Positive"
"North Dakota",3720000,0.00490935509286204,"FY23","CWSRF",1620845642,7957306.80729594,NA,0,"ND",3720000,-4237306.80729594,-0.532505144003096,"Negative"
"Ohio",42656000,0.0562939383981513,"FY23","CWSRF",1620845642,91243784.7236601,"STAG—Clean Water State Revolving Fund",36334946,"OH",78990946,-12252838.7236601,-0.134286831270413,"Negative"
"Oklahoma",6122000,0.00807932039744661,"FY23","CWSRF",1620845642,13095331.256523,"STAG—Clean Water State Revolving Fund",10936000,"OK",17058000,3962668.74347696,0.302601642207644,"Positive"
"Oregon",8559000,0.0112954758709156,"FY23","CWSRF",1620845642,18308222.8396898,"STAG—Clean Water State Revolving Fund",15952950,"OR",24511950,6203727.16031024,0.338849227182302,"Positive"
"Pennsylvania",30014000,0.0396100493970863,"FY23","CWSRF",1620845642,64201775.9446721,"STAG—Clean Water State Revolving Fund",28517287,"PA",58531287,-5670488.94467209,-0.0883229297201812,"Negative"
"Puerto Rico",9883000,0.013042783973859,"FY23","CWSRF",1620845642,21140339.5635768,NA,0,NA,9883000,-11257339.5635768,-0.532505144003096,"Negative"
"Rhode Island",5088000,0.00671473083668872,"FY23","CWSRF",1620845642,10883542.2138499,"STAG—Clean Water State Revolving Fund",10828000,"RI",15916000,5032457.78615008,0.462391534600379,"Positive"
"South Carolina",7762000,0.0102436597394611,"FY23","CWSRF",1620845642,16603391.2468363,"STAG—Clean Water State Revolving Fund",19523000,"SC",27285000,10681608.7531637,0.643338977824727,"Positive"
"South Dakota",3720000,0.00490935509286204,"FY23","CWSRF",1620845642,7957306.80729594,NA,0,"SD",3720000,-4237306.80729594,-0.532505144003096,"Negative"
"Tennessee",11007000,0.0145261482546055,"FY23","CWSRF",1620845642,23544644.0935232,"STAG—Clean Water State Revolving Fund",4122800,"TN",15129800,-8414844.09352322,-0.357399502838016,"Negative"
"Texas",34632000,0.0457045122516124,"FY23","CWSRF",1620845642,74079959.5027615,"STAG—Clean Water State Revolving Fund",36401584,"TX",71033584,-3046375.50276151,-0.0411228019454837,"Negative"
"Utah",3992000,0.0052683186910498,"FY23","CWSRF",1620845642,8539131.39105521,"STAG—Clean Water State Revolving Fund",12500000,"UT",16492000,7952868.60894479,0.931343979233704,"Positive"
"Vermont",3720000,0.00490935509286204,"FY23","CWSRF",1620845642,7957306.80729594,"STAG—Clean Water State Revolving Fund",1920000,"VT",5640000,-2317306.80729594,-0.29121747639179,"Negative"
"Virginia",15507000,0.0204648842540354,"FY23","CWSRF",1620845642,33170418.4571877,"STAG—Clean Water State Revolving Fund",6760000,"VA",22267000,-10903418.4571877,-0.328709101793831,"Negative"
"Washington",13177000,0.0173899387254417,"FY23","CWSRF",1620845642,28186406.3977792,"STAG—Clean Water State Revolving Fund",16054632,"WA",29231632,1045225.60222083,0.0370826130678077,"Positive"
"West Virginia",11812000,0.0155885221389479,"FY23","CWSRF",1620845642,25266588.1741343,"STAG—Clean Water State Revolving Fund",25139000,"WV",36951000,11684411.8258657,0.462445176425805,"Positive"
"Wisconsin",20484000,0.0270331262694048,"FY23","CWSRF",1620845642,43816524.9034005,"STAG—Clean Water State Revolving Fund",4423400,"WI",24907400,-18909124.9034005,-0.431552363978847,"Negative"
"Wyoming",3720000,0.00490935509286204,"FY23","CWSRF",1620845642,7957306.80729594,NA,0,"WY",3720000,-4237306.80729594,-0.532505144003096,"Negative"
"Alabama",8229000,0.0177,"FY24","DWSRF",1103833905,19537860.1185,"STAG—Drinking Water State Revolving Fund",14778752,"AL",23007752,3469891.8815,0.177598358287683,"Positive"
"Alaska",4661000,0.01,"FY24","DWSRF",1103833905,11038339.05,"STAG—Drinking Water State Revolving Fund",23200000,"AK",27861000,16822660.95,1.52402103919792,"Positive"
"Arizona",8153000,0.0175,"FY24","DWSRF",1103833905,19317093.3375,"STAG—Drinking Water State Revolving Fund",16948760,"AZ",25101760,5784666.6625,0.299458441362413,"Positive"
"Arkansas",5580000,0.012,"FY24","DWSRF",1103833905,13246006.86,"STAG—Drinking Water State Revolving Fund",1.3e+07,"AR",18580000,5333993.14,0.402686877364338,"Positive"
"California",50283000,0.1079,"FY24","DWSRF",1103833905,119103678.3495,"STAG—Drinking Water State Revolving Fund",55114604,"CA",105397604,-13706074.3495,-0.115076835068692,"Negative"
"Colorado",8164000,0.0175,"FY24","DWSRF",1103833905,19317093.3375,"STAG—Drinking Water State Revolving Fund",15024264,"CO",23188264,3871170.6625,0.20040130235251,"Positive"
"Connecticut",4661000,0.01,"FY24","DWSRF",1103833905,11038339.05,"STAG—Drinking Water State Revolving Fund",5159509,"CT",9820509,-1217830.05,-0.110327291495907,"Negative"
"Delaware",4661000,0.01,"FY24","DWSRF",1103833905,11038339.05,NA,0,"DE",4661000,-6377339.05,-0.577744443354456,"Negative"
"Florida",16819000,0.0361,"FY24","DWSRF",1103833905,39848403.9705,"STAG—Drinking Water State Revolving Fund",15615452,"FL",32434452,-7413951.9705,-0.186053925170719,"Negative"
"Georgia",12637000,0.0271,"FY24","DWSRF",1103833905,29913898.8255,"STAG—Drinking Water State Revolving Fund",8992781,"GA",21629781,-8284117.8255,-0.276932066723387,"Negative"
"Hawaii",4661000,0.01,"FY24","DWSRF",1103833905,11038339.05,"STAG—Drinking Water State Revolving Fund",6805302,"HI",11466302,427962.949999999,0.0387705929362624,"Positive"
"Idaho",4661000,0.01,"FY24","DWSRF",1103833905,11038339.05,"STAG—Drinking Water State Revolving Fund",5500000,"ID",10161000,-877339.050000001,-0.0794810746459179,"Negative"
"Illinois",14143000,0.0303,"FY24","DWSRF",1103833905,33446167.3215,"STAG—Drinking Water State Revolving Fund",26897471,"IL",41040471,7594303.6785,0.227060506081311,"Positive"
"Indiana",7997000,0.0172,"FY24","DWSRF",1103833905,18985943.166,"STAG—Drinking Water State Revolving Fund",959752,"IN",8956752,-10029191.166,-0.528242978413644,"Negative"
"Iowa",7007000,0.015,"FY24","DWSRF",1103833905,16557508.575,"STAG—Drinking Water State Revolving Fund",5500000,"IA",12507000,-4050508.575,-0.244632733037857,"Negative"
"Kansas",5198000,0.0112,"FY24","DWSRF",1103833905,12362939.736,"STAG—Drinking Water State Revolving Fund",2879256,"KS",8077256,-4285683.736,-0.346655716804992,"Negative"
"Kentucky",5674000,0.0122,"FY24","DWSRF",1103833905,13466773.641,"STAG—Drinking Water State Revolving Fund",15300000,"KY",20974000,7507226.359,0.557462875602514,"Positive"
"Louisiana",6363000,0.0137,"FY24","DWSRF",1103833905,15122524.4985,"STAG—Drinking Water State Revolving Fund",14518000,"LA",20881000,5758475.5015,0.380787976377303,"Positive"
"Maine",4661000,0.01,"FY24","DWSRF",1103833905,11038339.05,"STAG—Drinking Water State Revolving Fund",14547000,"ME",19208000,8169660.95,0.740116870209744,"Positive"
"Maryland",9683000,0.0208,"FY24","DWSRF",1103833905,22959745.224,"STAG—Drinking Water State Revolving Fund",6801172,"MD",16484172,-6475573.224,-0.282040290988553,"Negative"
"Massachusetts",10006000,0.0215,"FY24","DWSRF",1103833905,23732428.9575,"STAG—Drinking Water State Revolving Fund",16257613,"MA",26263613,2531184.0425,0.106655077195547,"Positive"
"Michigan",10634000,0.0228,"FY24","DWSRF",1103833905,25167413.034,"STAG—Drinking Water State Revolving Fund",24168264,"MI",34802264,9634850.966,0.382830406644647,"Positive"
"Minnesota",7050000,0.0151,"FY24","DWSRF",1103833905,16667891.9655,"STAG—Drinking Water State Revolving Fund",18180905,"MN",25230905,8563013.0345,0.513743012747151,"Positive"
"Mississippi",5837000,0.0125,"FY24","DWSRF",1103833905,13797923.8125,"STAG—Drinking Water State Revolving Fund",16122000,"MS",21959000,8161076.1875,0.591471318323022,"Positive"
"Missouri",7588000,0.0163,"FY24","DWSRF",1103833905,17992492.6515,"STAG—Drinking Water State Revolving Fund",1e+06,"MO",8588000,-9404492.6515,-0.522689814783165,"Negative"
"Montana",4661000,0.01,"FY24","DWSRF",1103833905,11038339.05,NA,0,"MT",4661000,-6377339.05,-0.577744443354456,"Negative"
"Nebraska",4661000,0.01,"FY24","DWSRF",1103833905,11038339.05,"STAG—Drinking Water State Revolving Fund",18314640,"NE",22975640,11937300.95,1.08143996084266,"Positive"
"Nevada",4832000,0.0104,"FY24","DWSRF",1103833905,11479872.612,"STAG—Drinking Water State Revolving Fund",3395000,"NV",8227000,-3252872.612,-0.283354417069031,"Negative"
"New Hampshire",4661000,0.01,"FY24","DWSRF",1103833905,11038339.05,"STAG—Drinking Water State Revolving Fund",1500000,"NH",6161000,-4877339.05,-0.441854433706673,"Negative"
"New Jersey",8273000,0.0178,"FY24","DWSRF",1103833905,19648243.509,"STAG—Drinking Water State Revolving Fund",14311398,"NJ",22584398,2936154.491,0.149435978318117,"Positive"
"New Mexico",4661000,0.01,"FY24","DWSRF",1103833905,11038339.05,"STAG—Drinking Water State Revolving Fund",6544504,"NM",11205504,167164.949999999,0.0151440311121807,"Positive"
"New York",21769000,0.0467,"FY24","DWSRF",1103833905,51549043.3635,"STAG—Drinking Water State Revolving Fund",49300624,"NY",71069624,19520580.6365,0.378679784585912,"Positive"
"North Carolina",12843000,0.0276,"FY24","DWSRF",1103833905,30465815.778,"STAG—Drinking Water State Revolving Fund",7718264,"NC",20561264,-9904551.778,-0.325103776973282,"Negative"
"North Dakota",4661000,0.01,"FY24","DWSRF",1103833905,11038339.05,NA,0,"ND",4661000,-6377339.05,-0.577744443354456,"Negative"
"Ohio",10525000,0.0226,"FY24","DWSRF",1103833905,24946646.253,"STAG—Drinking Water State Revolving Fund",32386385,"OH",42911385,17964738.747,0.720126407566293,"Positive"
"Oklahoma",6774000,0.0145,"FY24","DWSRF",1103833905,16005591.6225,"STAG—Drinking Water State Revolving Fund",8125000,"OK",14899000,-1106591.6225,-0.0691378143713476,"Negative"
"Oregon",7011000,0.015,"FY24","DWSRF",1103833905,16557508.575,"STAG—Drinking Water State Revolving Fund",11855000,"OR",18866000,2308491.425,0.1394226320067,"Positive"
"Pennsylvania",15375000,0.033,"FY24","DWSRF",1103833905,36426518.865,"STAG—Drinking Water State Revolving Fund",22707129,"PA",38082129,1655610.135,0.0454506822662863,"Positive"
"Puerto Rico",4661000,0.01,"FY24","DWSRF",1103833905,11038339.05,NA,0,NA,4661000,-6377339.05,-0.577744443354456,"Negative"
"Rhode Island",4661000,0.01,"FY24","DWSRF",1103833905,11038339.05,"STAG—Drinking Water State Revolving Fund",2100000,"RI",6761000,-4277339.05,-0.387498429847559,"Negative"
"South Carolina",5825000,0.0125,"FY24","DWSRF",1103833905,13797923.8125,"STAG—Drinking Water State Revolving Fund",20015000,"SC",25840000,12042076.1875,0.87274551962598,"Positive"
"South Dakota",4661000,0.01,"FY24","DWSRF",1103833905,11038339.05,NA,0,"SD",4661000,-6377339.05,-0.577744443354456,"Negative"
"Tennessee",7846000,0.0168,"FY24","DWSRF",1103833905,18544409.604,"STAG—Drinking Water State Revolving Fund",8762624,"TN",16608624,-1935785.604,-0.104386477937936,"Negative"
"Texas",37157000,0.0797,"FY24","DWSRF",1103833905,87975562.2285,"STAG—Drinking Water State Revolving Fund",13974765,"TX",51131765,-36843797.2285,-0.418795814374055,"Negative"
"Utah",4661000,0.01,"FY24","DWSRF",1103833905,11038339.05,"STAG—Drinking Water State Revolving Fund",15877841,"UT",20538841,9500501.95,0.860682201096187,"Positive"
"Vermont",4661000,0.01,"FY24","DWSRF",1103833905,11038339.05,"STAG—Drinking Water State Revolving Fund",5835000,"VT",10496000,-542339.050000001,-0.0491323058245797,"Negative"
"Virginia",6581000,0.0141,"FY24","DWSRF",1103833905,15564058.0605,"STAG—Drinking Water State Revolving Fund",11168770,"VA",17749770,2185711.9395,0.140433293875144,"Positive"
"Washington",10672000,0.0229,"FY24","DWSRF",1103833905,25277796.4245,"STAG—Drinking Water State Revolving Fund",13295848,"WA",23967848,-1309948.4245,-0.0518220972469878,"Negative"
"West Virginia",4661000,0.01,"FY24","DWSRF",1103833905,11038339.05,"STAG—Drinking Water State Revolving Fund",6922000,"WV",11583000,544660.949999999,0.0493426545001804,"Positive"
"Wisconsin",7980000,0.0171,"FY24","DWSRF",1103833905,18875559.7755,"STAG—Drinking Water State Revolving Fund",13319504,"WI",21299504,2423944.2245,0.128417077603506,"Positive"
"Wyoming",4661000,0.01,"FY24","DWSRF",1103833905,11038339.05,NA,0,"WY",4661000,-6377339.05,-0.577744443354456,"Negative"
"Alabama",9221000,0.0111817948108517,"FY24","CWSRF",1619480267,18108696.0458173,"STAG—Clean Water State Revolving Fund",1.3e+07,"AL",22221000,4112303.95418265,0.227090009340153,"Positive"
"Alaska",4935000,0.0059844005413245,"FY24","CWSRF",1619480267,9691618.58649914,"STAG—Clean Water State Revolving Fund",7697000,"AK",12632000,2940381.41350086,0.303394256311009,"Positive"
"Arizona",5570000,0.00675442979030952,"FY24","CWSRF",1619480267,10938665.7602432,"STAG—Clean Water State Revolving Fund",3769504,"AZ",9339504,-1599161.76024321,-0.146193493365104,"Negative"
"Arkansas",5394000,0.00654100436066957,"FY24","CWSRF",1619480267,10593027.4884653,"STAG—Clean Water State Revolving Fund",21500000,"AR",26894000,16300972.5115347,1.53883981980455,"Positive"
"California",58976000,0.0715169212411659,"FY24","CWSRF",1619480267,115820242.706661,"STAG—Clean Water State Revolving Fund",54499488,"CA",113475488,-2344754.70666131,-0.020244774590914,"Negative"
"Colorado",6596000,0.00799860303355145,"FY24","CWSRF",1619480267,12953579.7764029,"STAG—Clean Water State Revolving Fund",4259752,"CO",10855752,-2097827.77640291,-0.161949655046279,"Negative"
"Connecticut",10102000,0.012250134603538,"FY24","CWSRF",1619480267,19838851.2585237,"STAG—Clean Water State Revolving Fund",10720760,"CT",20822760,983908.74147632,0.0495950460364275,"Positive"
"Delaware",4048000,0.00490878488171866,"FY24","CWSRF",1619480267,7949680.25089129,"STAG—Clean Water State Revolving Fund",6225000,"DE",10273000,2323319.74910871,0.292253232304308,"Positive"
"Florida",27835000,0.0337539592842487,"FY24","CWSRF",1619480267,54663870.9939622,"STAG—Clean Water State Revolving Fund",33750914,"FL",61585914,6922043.00603776,0.126629213778189,"Positive"
"Georgia",13942000,0.0169066894320458,"FY24","CWSRF",1619480267,27380049.9154957,"STAG—Clean Water State Revolving Fund",19205807,"GA",33147807,5767757.08450434,0.210655462729456,"Positive"
"Hawaii",6387000,0.00774516033585402,"FY24","CWSRF",1619480267,12543134.3286667,"STAG—Clean Water State Revolving Fund",4835000,"HI",11222000,-1321134.32866667,-0.105327288542808,"Negative"
"Idaho",4048000,0.00490878488171866,"FY24","CWSRF",1619480267,7949680.25089129,"STAG—Clean Water State Revolving Fund",6750543,"ID",10798543,2848862.74910871,0.35836192893284,"Positive"
"Illinois",37295000,0.0452255761273956,"FY24","CWSRF",1619480267,73241928.1020234,"STAG—Clean Water State Revolving Fund",19727282,"IL",57022282,-16219646.1020234,-0.221453019088056,"Negative"
"Indiana",19873000,0.0240988838820145,"FY24","CWSRF",1619480267,39027666.9036469,"STAG—Clean Water State Revolving Fund",1919504,"IN",21792504,-17235162.9036469,-0.441613969551339,"Negative"
"Iowa",11160000,0.0135331124703508,"FY24","CWSRF",1619480267,21916608.5968248,"STAG—Clean Water State Revolving Fund",3750000,"IA",14910000,-7006608.59682481,-0.319694014969081,"Negative"
"Kansas",7443000,0.00902571291369367,"FY24","CWSRF",1619480267,14616963.959334,"STAG—Clean Water State Revolving Fund",2468752,"KS",9911752,-4705211.95933397,-0.321900770394207,"Negative"
"Kentucky",10495000,0.0127267038867681,"FY24","CWSRF",1619480267,20610645.8085732,"STAG—Clean Water State Revolving Fund",14709752,"KY",25204752,4594106.19142684,0.222899672047922,"Positive"
"Louisiana",9065000,0.0109926222709436,"FY24","CWSRF",1619480267,17802334.8503779,"STAG—Clean Water State Revolving Fund",3400000,"LA",12465000,-5337334.85037786,-0.299810945880763,"Negative"
"Maine",6383000,0.00774030975790765,"FY24","CWSRF",1619480267,12535278.913399,"STAG—Clean Water State Revolving Fund",44665514,"ME",51048514,38513235.086601,3.07238756733479,"Positive"
"Maryland",19944000,0.0241849816405625,"FY24","CWSRF",1619480267,39167100.5246482,"STAG—Clean Water State Revolving Fund",13835000,"MD",33779000,-5388100.52464821,-0.13756700017295,"Negative"
"Massachusetts",27997000,0.0339504076910764,"FY24","CWSRF",1619480267,54982015.3123033,"STAG—Clean Water State Revolving Fund",21267029,"MA",49264029,-5717986.31230325,-0.103997394053756,"Negative"
"Michigan",35457000,0.0429967355610421,"FY24","CWSRF",1619480267,69632364.7865248,"STAG—Clean Water State Revolving Fund",30410416,"MI",65867416,-3764948.78652485,-0.0540689490880746,"Negative"
"Minnesota",15156000,0.0183788398387668,"FY24","CWSRF",1619480267,29764168.4492363,"STAG—Clean Water State Revolving Fund",19927612,"MN",35083612,5319443.55076372,0.17871970990341,"Positive"
"Mississippi",7429000,0.0090087358908814,"FY24","CWSRF",1619480267,14589470.0058971,"STAG—Clean Water State Revolving Fund",28398000,"MS",35827000,21237529.9941029,1.45567522230202,"Positive"
"Missouri",22860000,0.0277210529634606,"FY24","CWSRF",1619480267,44893698.2547863,"STAG—Clean Water State Revolving Fund",2e+06,"MO",24860000,-20033698.2547863,-0.446247447494492,"Negative"
"Montana",4048000,0.00490878488171866,"FY24","CWSRF",1619480267,7949680.25089129,NA,0,"MT",4048000,-3901680.25089129,-0.490797129916496,"Negative"
"Nebraska",4218000,0.00511493444443905,"FY24","CWSRF",1619480267,8283535.39976766,"STAG—Clean Water State Revolving Fund",10590240,"NE",14808240,6524704.60023234,0.787671481480643,"Positive"
"Nevada",4048000,0.00490878488171866,"FY24","CWSRF",1619480267,7949680.25089129,"STAG—Clean Water State Revolving Fund",16916509,"NV",20964509,13014828.7491087,1.63715122349097,"Positive"
"New Hampshire",8241000,0.00999340321399295,"FY24","CWSRF",1619480267,16184119.305236,"STAG—Clean Water State Revolving Fund",3955000,"NH",12196000,-3988119.30523596,-0.246421768773399,"Negative"
"New Jersey",33697000,0.0408624812646427,"FY24","CWSRF",1619480267,66175982.068746,"STAG—Clean Water State Revolving Fund",29597753,"NJ",63294753,-2881229.06874603,-0.0435388940016471,"Negative"
"New Mexico",4048000,0.00490878488171866,"FY24","CWSRF",1619480267,7949680.25089129,"STAG—Clean Water State Revolving Fund",7189008,"NM",11237008,3287327.74910871,0.413516977458325,"Positive"
"New York",91023000,0.110378539102934,"FY24","CWSRF",1619480267,178755865.97749,"STAG—Clean Water State Revolving Fund",51350304,"NY",142373304,-36382561.9774897,-0.203532129021552,"Negative"
"North Carolina",14882000,0.018046575249441,"FY24","CWSRF",1619480267,29226072.5034003,"STAG—Clean Water State Revolving Fund",16597768,"NC",31479768,2253695.49659975,0.0771124993389907,"Positive"
"North Dakota",4048000,0.00490878488171866,"FY24","CWSRF",1619480267,7949680.25089129,NA,0,"ND",4048000,-3901680.25089129,-0.490797129916496,"Negative"
"Ohio",46422000,0.0562933823565078,"FY24","CWSRF",1619480267,91166021.8890503,"STAG—Clean Water State Revolving Fund",43454478,"OH",89876478,-1289543.8890503,-0.0141450055879337,"Negative"
"Oklahoma",6662000,0.00807863756966643,"FY24","CWSRF",1619480267,13083194.1283196,"STAG—Clean Water State Revolving Fund",12149000,"OK",18811000,5727805.87168038,0.437798737487361,"Positive"
"Oregon",9315000,0.0112957833925912,"FY24","CWSRF",1619480267,18293298.3046078,"STAG—Clean Water State Revolving Fund",20079504,"OR",29394504,11101205.6953922,0.60684549667,"Positive"
"Pennsylvania",32664000,0.0396098195099946,"FY24","CWSRF",1619480267,64147321.0758679,"STAG—Clean Water State Revolving Fund",16877276,"PA",49541276,-14606045.0758679,-0.227695324308136,"Negative"
"Puerto Rico",10755000,0.0130419914532817,"FY24","CWSRF",1619480267,21121247.8009723,NA,0,NA,10755000,-10366247.8009723,-0.490797129916496,"Negative"
"Rhode Island",5537000,0.00671441252225203,"FY24","CWSRF",1619480267,10873858.5842849,"STAG—Clean Water State Revolving Fund",10866031,"RI",16403031,5529172.41571514,0.508483016664023,"Positive"
"South Carolina",8448000,0.0102444206227172,"FY24","CWSRF",1619480267,16590637.0453384,"STAG—Clean Water State Revolving Fund",14740000,"SC",23188000,6597362.95466165,0.397655794447952,"Positive"
"South Dakota",4048000,0.00490878488171866,"FY24","CWSRF",1619480267,7949680.25089129,"STAG—Clean Water State Revolving Fund",23600000,"SD",27648000,19698319.7491087,2.47787572926599,"Positive"
"Tennessee",11979000,0.0145262683048685,"FY24","CWSRF",1619480267,23525004.8728821,"STAG—Clean Water State Revolving Fund",1e+06,"TN",12979000,-10546004.8728821,-0.448289168477018,"Negative"
"Texas",37690000,0.0457045706995989,"FY24","CWSRF",1619480267,74017650.3597067,"STAG—Clean Water State Revolving Fund",29992264,"TX",67682264,-6335386.35970673,-0.0855929137025883,"Negative"
"Utah",4345000,0.00526894029423606,"FY24","CWSRF",1619480267,8532944.83451647,"STAG—Clean Water State Revolving Fund",750000,"UT",5095000,-3437944.83451647,-0.402902503319803,"Negative"
"Vermont",4048000,0.00490878488171866,"FY24","CWSRF",1619480267,7949680.25089129,"STAG—Clean Water State Revolving Fund",4080000,"VT",8128000,178319.749108707,0.0224310592981037,"Positive"
"Virginia",16876000,0.0204645883557026,"FY24","CWSRF",1619480267,33141997.0143383,"STAG—Clean Water State Revolving Fund",15464013,"VA",32340013,-801984.014338307,-0.0241984215372219,"Negative"
"Washington",14340000,0.0173893219377089,"FY24","CWSRF",1619480267,28161663.7346297,"STAG—Clean Water State Revolving Fund",32389365,"WA",46729365,18567701.2653703,0.659325437599697,"Positive"
"West Virginia",12855000,0.0155885448751219,"FY24","CWSRF",1619480267,25245340.8165038,"STAG—Clean Water State Revolving Fund",22772000,"WV",35627000,10381659.1834962,0.411230700308441,"Positive"
"Wisconsin",22293000,0.0270334835395637,"FY24","CWSRF",1619480267,43780193.1405928,"STAG—Clean Water State Revolving Fund",8629621,"WI",30922621,-12857572.1405928,-0.293684682918205,"Negative"
"Wyoming",4048000,0.00490878488171866,"FY24","CWSRF",1619480267,7949680.25089129,NA,0,"WY",4048000,-3901680.25089129,-0.490797129916496,"Negative"
"Alabama",19257000,0.0177,"FY25","DWSRF",1090579000,19303248.3,NA,0,"AL",19257000,-46248.3000000007,-0.00239588173354226,"Negative"
"Alaska",10906000,0.01,"FY25","DWSRF",1090579000,10905790,NA,0,"AK",10906000,210,1.92558264921661e-05,"Positive"
"Arizona",19079000,0.0175,"FY25","DWSRF",1090579000,19085132.5,NA,0,"AZ",19079000,-6132.5,-0.000321323417586962,"Negative"
"Arkansas",13058000,0.012,"FY25","DWSRF",1090579000,13086948,NA,0,"AR",13058000,-28948,-0.00221197486228263,"Negative"
"California",117662000,0.1079,"FY25","DWSRF",1090579000,117673474.1,NA,0,"CA",117662000,-11474.099999994,-9.75079565530907e-05,"Negative"
"Colorado",19105000,0.0175,"FY25","DWSRF",1090579000,19085132.5,NA,0,"CO",19105000,19867.5,0.00104099355872955,"Positive"
"Connecticut",10906000,0.01,"FY25","DWSRF",1090579000,10905790,NA,0,"CT",10906000,210,1.92558264921661e-05,"Positive"
"Delaware",10906000,0.01,"FY25","DWSRF",1090579000,10905790,NA,0,"DE",10906000,210,1.92558264921661e-05,"Positive"
"Florida",39357000,0.0361,"FY25","DWSRF",1090579000,39369901.9,NA,0,"FL",39357000,-12901.8999999985,-0.000327709731986874,"Negative"
"Georgia",29571000,0.0271,"FY25","DWSRF",1090579000,29554690.9,NA,0,"GA",29571000,16309.1000000015,0.000551827798002837,"Positive"
"Hawaii",10906000,0.01,"FY25","DWSRF",1090579000,10905790,NA,0,"HI",10906000,210,1.92558264921661e-05,"Positive"
"Idaho",10906000,0.01,"FY25","DWSRF",1090579000,10905790,NA,0,"ID",10906000,210,1.92558264921661e-05,"Positive"
"Illinois",33096000,0.0303,"FY25","DWSRF",1090579000,33044543.7,NA,0,"IL",33096000,51456.3000000007,0.00155717992256618,"Positive"
"Indiana",18713000,0.0172,"FY25","DWSRF",1090579000,18757958.8,NA,0,"IN",18713000,-44958.8000000007,-0.00239678530480623,"Negative"
"Iowa",16397000,0.015,"FY25","DWSRF",1090579000,16358685,NA,0,"IA",16397000,38315,0.00234218092713442,"Positive"
"Kansas",12163000,0.0112,"FY25","DWSRF",1090579000,12214484.8,NA,0,"KS",12163000,-51484.8000000007,-0.00421506112153013,"Negative"
"Kentucky",13277000,0.0122,"FY25","DWSRF",1090579000,13305063.8,NA,0,"KY",13277000,-28063.8000000007,-0.00210925707849674,"Negative"
"Louisiana",14889000,0.0137,"FY25","DWSRF",1090579000,14940932.3,NA,0,"LA",14889000,-51932.3000000007,-0.00347584066089375,"Negative"
"Maine",10906000,0.01,"FY25","DWSRF",1090579000,10905790,NA,0,"ME",10906000,210,1.92558264921661e-05,"Positive"
"Maryland",22660000,0.0208,"FY25","DWSRF",1090579000,22684043.2,NA,0,"MD",22660000,-24043.1999999993,-0.0010599168670248,"Negative"
"Massachusetts",23415000,0.0215,"FY25","DWSRF",1090579000,23447448.5,NA,0,"MA",23415000,-32448.4999999963,-0.00138388191789807,"Negative"
"Michigan",24884000,0.0228,"FY25","DWSRF",1090579000,24865201.2,NA,0,"MI",24884000,18798.8000000007,0.00075602846921668,"Positive"
"Minnesota",16497000,0.0151,"FY25","DWSRF",1090579000,16467742.9,NA,0,"MN",16497000,29257.0999999996,0.00177663084599163,"Positive"
"Mississippi",13658000,0.0125,"FY25","DWSRF",1090579000,13632237.5,NA,0,"MS",13658000,25762.5,0.0018898218285883,"Positive"
"Missouri",17755000,0.0163,"FY25","DWSRF",1090579000,17776437.7,NA,0,"MO",17755000,-21437.6999999993,-0.00120596152962634,"Negative"
"Montana",10906000,0.01,"FY25","DWSRF",1090579000,10905790,NA,0,"MT",10906000,210,1.92558264921661e-05,"Positive"
"Nebraska",10906000,0.01,"FY25","DWSRF",1090579000,10905790,NA,0,"NE",10906000,210,1.92558264921661e-05,"Positive"
"Nevada",11307000,0.0104,"FY25","DWSRF",1090579000,11342021.6,NA,0,"NV",11307000,-35021.5999999996,-0.00308777405255511,"Negative"
"New Hampshire",10906000,0.01,"FY25","DWSRF",1090579000,10905790,NA,0,"NH",10906000,210,1.92558264921661e-05,"Positive"
"New Jersey",19360000,0.0178,"FY25","DWSRF",1090579000,19412306.2,NA,0,"NJ",19360000,-52306.1999999993,-0.00269448665506828,"Negative"
"New Mexico",10906000,0.01,"FY25","DWSRF",1090579000,10905790,NA,0,"NM",10906000,210,1.92558264921661e-05,"Positive"
"New York",50941000,0.0467,"FY25","DWSRF",1090579000,50930039.3,NA,0,"NY",50941000,10960.700000003,0.000215210907956299,"Positive"
"North Carolina",30053000,0.0276,"FY25","DWSRF",1090579000,30099980.4,NA,0,"NC",30053000,-46980.3999999985,-0.00156081164757165,"Negative"
"North Dakota",10906000,0.01,"FY25","DWSRF",1090579000,10905790,NA,0,"ND",10906000,210,1.92558264921661e-05,"Positive"
"Ohio",24628000,0.0226,"FY25","DWSRF",1090579000,24647085.4,NA,0,"OH",24628000,-19085.3999999985,-0.000774347136396035,"Negative"
"Oklahoma",15851000,0.0145,"FY25","DWSRF",1090579000,15813395.5,NA,0,"OK",15851000,37604.5,0.00237801552487573,"Positive"
"Oregon",16405000,0.015,"FY25","DWSRF",1090579000,16358685,NA,0,"OR",16405000,46315,0.00283121779042753,"Positive"
"Pennsylvania",35979000,0.033,"FY25","DWSRF",1090579000,35989107,NA,0,"PA",35979000,-10107,-0.00028083497598315,"Negative"
"Puerto Rico",10906000,0.01,"FY25","DWSRF",1090579000,10905790,NA,0,NA,10906000,210,1.92558264921661e-05,"Positive"
"Rhode Island",10906000,0.01,"FY25","DWSRF",1090579000,10905790,NA,0,"RI",10906000,210,1.92558264921661e-05,"Positive"
"South Carolina",13631000,0.0125,"FY25","DWSRF",1090579000,13632237.5,NA,0,"SC",13631000,-1237.5,-9.0777467748783e-05,"Negative"
"South Dakota",10906000,0.01,"FY25","DWSRF",1090579000,10905790,NA,0,"SD",10906000,210,1.92558264921661e-05,"Positive"
"Tennessee",18359000,0.0168,"FY25","DWSRF",1090579000,18321727.2,NA,0,"TN",18359000,37272.8000000007,0.00203434968729371,"Positive"
"Texas",86951000,0.0797,"FY25","DWSRF",1090579000,86919146.3,NA,0,"TX",86951000,31853.700000003,0.000366475067415647,"Positive"
"Utah",10906000,0.01,"FY25","DWSRF",1090579000,10905790,NA,0,"UT",10906000,210,1.92558264921661e-05,"Positive"
"Vermont",10906000,0.01,"FY25","DWSRF",1090579000,10905790,NA,0,"VT",10906000,210,1.92558264921661e-05,"Positive"
"Virginia",15400000,0.0141,"FY25","DWSRF",1090579000,15377163.9,NA,0,"VA",15400000,22836.0999999996,0.0014850657864159,"Positive"
"Washington",24974000,0.0229,"FY25","DWSRF",1090579000,24974259.1,NA,0,"WA",24974000,-259.10000000149,-1.0374682146286e-05,"Negative"
"West Virginia",10906000,0.01,"FY25","DWSRF",1090579000,10905790,NA,0,"WV",10906000,210,1.92558264921661e-05,"Positive"
"Wisconsin",18674000,0.0171,"FY25","DWSRF",1090579000,18648900.9,NA,0,"WI",18674000,25099.0999999978,0.00134587556310076,"Positive"
"Wyoming",10906000,0.01,"FY25","DWSRF",1090579000,10905790,NA,0,"WY",10906000,210,1.92558264921661e-05,"Positive"
"Alabama",17919000,0.011181317172766,"FY25","CWSRF",1602584000,17919000,NA,0,"AL",17919000,-2.98023223876953e-08,-1.66316883686005e-15,"Negative"
"Alaska",9591000,0.00598470969384444,"FY25","CWSRF",1602584000,9591000,NA,0,"AK",9591000,1.86264514923096e-09,1.94207606008858e-16,"Positive"
"Arizona",10824000,0.00675409214119198,"FY25","CWSRF",1602584000,10824000,NA,0,"AZ",10824000,-7.45058059692383e-09,-6.88338931718757e-16,"Negative"
"Arkansas",10483000,0.00654131078308532,"FY25","CWSRF",1602584000,10483000,NA,0,"AR",10483000,-5.58793544769287e-09,-5.3304735740655e-16,"Negative"
"California",114614000,0.0715182480294325,"FY25","CWSRF",1602584000,114614000,NA,0,"CA",114614000,-5.96046447753906e-08,-5.2004680733061e-16,"Negative"
"Colorado",12819000,0.0079989566849538,"FY25","CWSRF",1602584000,12819000,NA,0,"CO",12819000,0,0,"Negative"
"Connecticut",19632000,0.0122502159013194,"FY25","CWSRF",1602584000,19632000,NA,0,"CT",19632000,-4.84287738800049e-08,-2.46682833537107e-15,"Negative"
"Delaware",7867000,0.00490894705051342,"FY25","CWSRF",1602584000,7867000,NA,0,"DE",7867000,9.31322574615479e-10,1.18383446627111e-16,"Positive"
"Florida",54094000,0.0337542369073946,"FY25","CWSRF",1602584000,54094000.0000001,NA,0,"FL",54094000,-5.96046447753906e-08,-1.10187164519892e-15,"Negative"
"Georgia",27095000,0.0169070700818179,"FY25","CWSRF",1602584000,27095000.0000001,NA,0,"GA",27095000,-5.58793544769287e-08,-2.0623493071389e-15,"Negative"
"Hawaii",12412000,0.00774499183818134,"FY25","CWSRF",1602584000,12412000,NA,0,"HI",12412000,-3.72529029846191e-09,-3.00136182602474e-16,"Negative"
"Idaho",7867000,0.00490894705051342,"FY25","CWSRF",1602584000,7867000,NA,0,"ID",7867000,9.31322574615479e-10,1.18383446627111e-16,"Positive"
"Illinois",72478000,0.0452257104775787,"FY25","CWSRF",1602584000,72478000,NA,0,"IL",72478000,1.49011611938477e-08,2.05595645490323e-16,"Positive"
"Indiana",38621000,0.0240992047842734,"FY25","CWSRF",1602584000,38621000,NA,0,"IN",38621000,0,0,"Negative"
"Iowa",21689000,0.013533767964737,"FY25","CWSRF",1602584000,21689000.0000001,NA,0,"IA",21689000,-8.19563865661621e-08,-3.77870748149577e-15,"Negative"
"Kansas",14465000,0.00902604793258887,"FY25","CWSRF",1602584000,14465000,NA,0,"KS",14465000,-1.86264514923096e-09,-1.28769108139022e-16,"Negative"
"Kentucky",20396000,0.0127269459822387,"FY25","CWSRF",1602584000,20396000,NA,0,"KY",20396000,-2.60770320892334e-08,-1.27853658017422e-15,"Negative"
"Louisiana",17617000,0.0109928715125073,"FY25","CWSRF",1602584000,17617000,NA,0,"LA",17617000,0,0,"Negative"
"Maine",12405000,0.00774062389241375,"FY25","CWSRF",1602584000,12405000,NA,0,"ME",12405000,3.72529029846191e-09,3.00305546026757e-16,"Positive"
"Maryland",38759000,0.0241853157151201,"FY25","CWSRF",1602584000,38759000,NA,0,"MD",38759000,-2.98023223876953e-08,-7.68913604264694e-16,"Negative"
"Massachusetts",54410000,0.0339514184591884,"FY25","CWSRF",1602584000,54410000,NA,0,"MA",54410000,1.49011611938477e-08,2.73868060905122e-16,"Positive"
"Michigan",68906000,0.0429968101516052,"FY25","CWSRF",1602584000,68906000.0000001,NA,0,"MI",68906000,-5.96046447753906e-08,-8.65013856201065e-16,"Negative"
"Minnesota",29455000,0.0183796917977466,"FY25","CWSRF",1602584000,29454999.9999999,NA,0,"MN",29455000,5.96046447753906e-08,2.02358325497847e-15,"Positive"
"Mississippi",14438000,0.00900920014177104,"FY25","CWSRF",1602584000,14438000,NA,0,"MS",14438000,0,0,"Negative"
"Missouri",44425000,0.0277208558178542,"FY25","CWSRF",1602584000,44425000,NA,0,"MO",44425000,-5.21540641784668e-08,-1.17398006029188e-15,"Negative"
"Montana",7867000,0.00490894705051342,"FY25","CWSRF",1602584000,7867000,NA,0,"MT",7867000,9.31322574615479e-10,1.18383446627111e-16,"Positive"
"Nebraska",8197000,0.00511486449384244,"FY25","CWSRF",1602584000,8196999.99999999,NA,0,"NE",8197000,6.51925802230835e-09,7.95322437758735e-16,"Positive"
"Nevada",7867000,0.00490894705051342,"FY25","CWSRF",1602584000,7867000,NA,0,"NV",7867000,9.31322574615479e-10,1.18383446627111e-16,"Positive"
"New Hampshire",16015000,0.00999323592398277,"FY25","CWSRF",1602584000,16015000,NA,0,"NH",16015000,-3.72529029846191e-09,-2.32612569370085e-16,"Negative"
"New Jersey",65487000,0.040863380640266,"FY25","CWSRF",1602584000,65487000,NA,0,"NJ",65487000,-4.4703483581543e-08,-6.826314166406e-16,"Negative"
"New Mexico",7867000,0.00490894705051342,"FY25","CWSRF",1602584000,7867000,NA,0,"NM",7867000,9.31322574615479e-10,1.18383446627111e-16,"Positive"
"New York",176887000,0.110376117570124,"FY25","CWSRF",1602584000,176887000,NA,0,"NY",176887000,3.87430191040039e-07,2.19026944343021e-15,"Positive"
"North Carolina",28922000,0.0180471039271576,"FY25","CWSRF",1602584000,28921999.9999999,NA,0,"NC",28922000,6.70552253723145e-08,2.31848507614669e-15,"Positive"
"North Dakota",7867000,0.00490894705051342,"FY25","CWSRF",1602584000,7867000,NA,0,"ND",7867000,9.31322574615479e-10,1.18383446627111e-16,"Positive"
"Ohio",90217000,0.0562947090448925,"FY25","CWSRF",1602584000,90217000,NA,0,"OH",90217000,0,0,"Negative"
"Oklahoma",12947000,0.00807882769327536,"FY25","CWSRF",1602584000,12947000,NA,0,"OK",12947000,1.86264514923096e-09,1.43866930503665e-16,"Positive"
"Oregon",18103000,0.0112961317472282,"FY25","CWSRF",1602584000,18103000,NA,0,"OR",18103000,4.09781932830811e-08,2.26361339463521e-15,"Positive"
"Pennsylvania",63479000,0.0396104041972215,"FY25","CWSRF",1602584000,63479000,NA,0,"PA",63479000,-1.49011611938477e-08,-2.34741586884602e-16,"Negative"
"Rhode Island",10761000,0.00671478062928371,"FY25","CWSRF",1602584000,10761000,NA,0,"RI",10761000,-5.58793544769287e-09,-5.19276595826863e-16,"Negative"
"South Carolina",16417000,0.0102440808094927,"FY25","CWSRF",1602584000,16417000,NA,0,"SC",16417000,-4.84287738800049e-08,-2.94991617713375e-15,"Negative"
"South Dakota",7867000,0.00490894705051342,"FY25","CWSRF",1602584000,7867000,NA,0,"SD",7867000,9.31322574615479e-10,1.18383446627111e-16,"Positive"
"Tennessee",23280000,0.0145265396384838,"FY25","CWSRF",1602584000,23279999.9999999,NA,0,"TN",23280000,7.82310962677002e-08,3.3604422795404e-15,"Positive"
"Texas",73246000,0.0457049365275081,"FY25","CWSRF",1602584000,73246000,NA,0,"TX",73246000,-4.4703483581543e-08,-6.10319793320358e-16,"Negative"
"Utah",8444000,0.00526899058021296,"FY25","CWSRF",1602584000,8444000,NA,0,"UT",8444000,-5.58793544769287e-09,-6.61764027438757e-16,"Negative"
"Vermont",7867000,0.00490894705051342,"FY25","CWSRF",1602584000,7867000,NA,0,"VT",7867000,9.31322574615479e-10,1.18383446627111e-16,"Positive"
"Virginia",32797000,0.0204650739056424,"FY25","CWSRF",1602584000,32797000,NA,0,"VA",32797000,-2.23517417907715e-08,-6.81517876353675e-16,"Negative"
"Washington",27869000,0.0173900400852623,"FY25","CWSRF",1602584000,27869000,NA,0,"WA",27869000,3.72529029846191e-09,1.33671473625244e-16,"Positive"
"West Virginia",24982000,0.0155885744522596,"FY25","CWSRF",1602584000,24982000,NA,0,"WV",24982000,0,0,"Negative"
"Wisconsin",43324000,0.0270338403478382,"FY25","CWSRF",1602584000,43323999.9999999,NA,0,"WI",43324000,6.70552253723145e-08,1.54776164186858e-15,"Positive"
"Wyoming",7867000,0.00490894705051342,"FY25","CWSRF",1602584000,7867000,NA,0,"WY",7867000,9.31322574615479e-10,1.18383446627111e-16,"Positive"
"Alabama",6330747.9021,0.0177,"FY26","DWSRF",1090579000,19303248.3,"STAG—Drinking Water State Revolving Fund",9682000,"AL",16012747.9021,-3290500.3979,-0.170463558607387,"Negative"
"Alaska",3576693.73,0.01,"FY26","DWSRF",1090579000,10905790,"STAG—Drinking Water State Revolving Fund",937868,"AK",4514561.73,-6391228.27,-0.586039917328318,"Negative"
"Arizona",6259214.0275,0.0175,"FY26","DWSRF",1090579000,19085132.5,"STAG—Drinking Water State Revolving Fund",12350000,"AZ",18609214.0275,-475918.4725,-0.0249366082472836,"Negative"
"Arkansas",4292032.476,0.012,"FY26","DWSRF",1090579000,13086948,"STAG—Drinking Water State Revolving Fund",1.1e+07,"AR",15292032.476,2205084.476,0.168494936787401,"Positive"
"California",38592525.3467,0.1079,"FY26","DWSRF",1090579000,117673474.1,"STAG—Drinking Water State Revolving Fund",54290000,"CA",92882525.3467,-24790948.7533,-0.210675761405943,"Negative"
"Colorado",6259214.0275,0.0175,"FY26","DWSRF",1090579000,19085132.5,"STAG—Drinking Water State Revolving Fund",14982000,"CO",21241214.0275,2156081.5275,0.112971787201373,"Positive"
"Connecticut",3576693.73,0.01,"FY26","DWSRF",1090579000,10905790,"STAG—Drinking Water State Revolving Fund",3092000,"CT",6668693.73,-4237096.27,-0.388518050503448,"Negative"
"Delaware",3576693.73,0.01,"FY26","DWSRF",1090579000,10905790,"STAG—Drinking Water State Revolving Fund",1092000,"DE",4668693.73,-6237096.27,-0.571906874238363,"Negative"
"Florida",12911864.3653,0.0361,"FY26","DWSRF",1090579000,39369901.9,"STAG—Drinking Water State Revolving Fund",13010000,"FL",25921864.3653,-13448037.5347,-0.34158168767751,"Negative"
"Georgia",9692840.0083,0.0271,"FY26","DWSRF",1090579000,29554690.9,"STAG—Drinking Water State Revolving Fund",26011195,"GA",35704035.0083,6149344.1083,0.208066601985677,"Positive"
"Hawaii",3576693.73,0.01,"FY26","DWSRF",1090579000,10905790,"STAG—Drinking Water State Revolving Fund",7624000,"HI",11200693.73,294903.73,0.0270410240798695,"Positive"
"Idaho",3576693.73,0.01,"FY26","DWSRF",1090579000,10905790,"STAG—Drinking Water State Revolving Fund",1.3e+07,"ID",16576693.73,5670903.73,0.519990182279321,"Positive"
"Illinois",10837382.0019,0.0303,"FY26","DWSRF",1090579000,33044543.7,"STAG—Drinking Water State Revolving Fund",43287007,"IL",54124389.0019,21079845.3019,0.637922117892643,"Positive"
"Indiana",6151913.2156,0.0172,"FY26","DWSRF",1090579000,18757958.8,"STAG—Drinking Water State Revolving Fund",13316360,"IN",19468273.2156,710314.415599998,0.0378673619647783,"Positive"
"Iowa",5365040.595,0.015,"FY26","DWSRF",1090579000,16358685,NA,0,"IA",5365040.595,-10993644.405,-0.672037171997627,"Negative"
"Kansas",4005896.9776,0.0112,"FY26","DWSRF",1090579000,12214484.8,"STAG—Drinking Water State Revolving Fund",20750000,"KS",24755896.9776,12541412.1776,1.02676554786822,"Positive"
"Kentucky",4363566.3506,0.0122,"FY26","DWSRF",1090579000,13305063.8,"STAG—Drinking Water State Revolving Fund",22655491,"KY",27019057.3506,13713993.5506,1.03073489588227,"Positive"
"Louisiana",4900070.4101,0.0137,"FY26","DWSRF",1090579000,14940932.3,"STAG—Drinking Water State Revolving Fund",1750000,"LA",6650070.4101,-8290861.8899,-0.554909273626787,"Negative"
"Maine",3576693.73,0.01,"FY26","DWSRF",1090579000,10905790,"STAG—Drinking Water State Revolving Fund",16105000,"ME",19681693.73,8775903.73,0.804701331127777,"Positive"
"Maryland",7439522.9584,0.0208,"FY26","DWSRF",1090579000,22684043.2,"STAG—Drinking Water State Revolving Fund",9313000,"MD",16752522.9584,-5931520.2416,-0.261484259631458,"Negative"
"Massachusetts",7689891.5195,0.0215,"FY26","DWSRF",1090579000,23447448.5,"STAG—Drinking Water State Revolving Fund",23324560,"MA",31014451.5195,7567003.01950001,0.32272180998713,"Positive"
"Michigan",8154861.7044,0.0228,"FY26","DWSRF",1090579000,24865201.2,"STAG—Drinking Water State Revolving Fund",37839000,"MI",45993861.7044,21128660.5044,0.849728113376376,"Positive"
"Minnesota",5400807.5323,0.0151,"FY26","DWSRF",1090579000,16467742.9,"STAG—Drinking Water State Revolving Fund",25805000,"MN",31205807.5323,14738064.6323,0.894965674518759,"Positive"
"Mississippi",4470867.1625,0.0125,"FY26","DWSRF",1090579000,13632237.5,"STAG—Drinking Water State Revolving Fund",4830000,"MS",9300867.1625,-4331370.3375,-0.317729964541771,"Negative"
"Missouri",5830010.7799,0.0163,"FY26","DWSRF",1090579000,17776437.7,NA,0,"MO",5830010.7799,-11946426.9201,-0.672037171997627,"Negative"
"Montana",3576693.73,0.01,"FY26","DWSRF",1090579000,10905790,"STAG—Drinking Water State Revolving Fund",10125000,"MT",13701693.73,2795903.73,0.256368748160381,"Positive"
"Nebraska",3576693.73,0.01,"FY26","DWSRF",1090579000,10905790,"STAG—Drinking Water State Revolving Fund",13110000,"NE",16686693.73,5780903.73,0.530076567584742,"Positive"
"Nevada",3719761.4792,0.0104,"FY26","DWSRF",1090579000,11342021.6,"STAG—Drinking Water State Revolving Fund",15356000,"NV",19075761.4792,7733739.8792,0.681866086306871,"Positive"
"New Hampshire",3576693.73,0.01,"FY26","DWSRF",1090579000,10905790,"STAG—Drinking Water State Revolving Fund",640000,"NH",4216693.73,-6689096.27,-0.613352748402454,"Negative"
"New Jersey",6366514.8394,0.0178,"FY26","DWSRF",1090579000,19412306.2,"STAG—Drinking Water State Revolving Fund",24399000,"NJ",30765514.8394,11353208.6394,0.584845948875461,"Positive"
"New Mexico",3576693.73,0.01,"FY26","DWSRF",1090579000,10905790,"STAG—Drinking Water State Revolving Fund",6151000,"NM",9727693.73,-1178096.27,-0.108024844600895,"Negative"
"New York",16703159.7191,0.0467,"FY26","DWSRF",1090579000,50930039.3,"STAG—Drinking Water State Revolving Fund",50497600,"NY",67200759.7191,16270720.4191,0.319471978477346,"Positive"
"North Carolina",9871674.6948,0.0276,"FY26","DWSRF",1090579000,30099980.4,"STAG—Drinking Water State Revolving Fund",21738000,"NC",31609674.6948,1509694.2948,0.0501559892975878,"Positive"
"North Dakota",3576693.73,0.01,"FY26","DWSRF",1090579000,10905790,NA,0,"ND",3576693.73,-7329096.27,-0.672037171997627,"Negative"
"Ohio",8083327.8298,0.0226,"FY26","DWSRF",1090579000,24647085.4,"STAG—Drinking Water State Revolving Fund",22945223,"OH",31028550.8298,6381465.4298,0.258913592671692,"Positive"
"Oklahoma",5186205.9085,0.0145,"FY26","DWSRF",1090579000,15813395.5,"STAG—Drinking Water State Revolving Fund",30400000,"OK",35586205.9085,19772810.4085,1.25038360094769,"Positive"
"Oregon",5365040.595,0.015,"FY26","DWSRF",1090579000,16358685,"STAG—Drinking Water State Revolving Fund",13383250,"OR",18748290.595,2389605.595,0.146075653085807,"Positive"
"Pennsylvania",11803089.309,0.033,"FY26","DWSRF",1090579000,35989107,"STAG—Drinking Water State Revolving Fund",13360000,"PA",25163089.309,-10826017.691,-0.300813734861496,"Negative"
"Puerto Rico",3576693.73,0.01,"FY26","DWSRF",1090579000,10905790,NA,0,NA,3576693.73,-7329096.27,-0.672037171997627,"Negative"
"Rhode Island",3576693.73,0.01,"FY26","DWSRF",1090579000,10905790,"STAG—Drinking Water State Revolving Fund",3472000,"RI",7048693.73,-3857096.27,-0.353674173993814,"Negative"
"South Carolina",4470867.1625,0.0125,"FY26","DWSRF",1090579000,13632237.5,"STAG—Drinking Water State Revolving Fund",16011000,"SC",20481867.1625,6849629.6625,0.502458210730264,"Positive"
"South Dakota",3576693.73,0.01,"FY26","DWSRF",1090579000,10905790,NA,0,"SD",3576693.73,-7329096.27,-0.672037171997627,"Negative"
"Tennessee",6008845.4664,0.0168,"FY26","DWSRF",1090579000,18321727.2,"STAG—Drinking Water State Revolving Fund",7378576,"TN",13387421.4664,-4934305.7336,-0.26931444179564,"Negative"
"Texas",28506249.0281,0.0797,"FY26","DWSRF",1090579000,86919146.3,"STAG—Drinking Water State Revolving Fund",22182840,"TX",50689089.0281,-36230057.2719,-0.416824817248579,"Negative"
"Utah",3576693.73,0.01,"FY26","DWSRF",1090579000,10905790,"STAG—Drinking Water State Revolving Fund",13320692,"UT",16897385.73,5991595.73,0.54939584660992,"Positive"
"Vermont",3576693.73,0.01,"FY26","DWSRF",1090579000,10905790,"STAG—Drinking Water State Revolving Fund",4340000,"VT",7916693.73,-2989096.27,-0.274083424492861,"Negative"
"Virginia",5043138.1593,0.0141,"FY26","DWSRF",1090579000,15377163.9,"STAG—Drinking Water State Revolving Fund",11163000,"VA",16206138.1593,828974.259299999,0.0539094377019679,"Positive"
"Washington",8190628.6417,0.0229,"FY26","DWSRF",1090579000,24974259.1,"STAG—Drinking Water State Revolving Fund",25858965,"WA",34049593.6417,9075334.5417,0.363387538559652,"Positive"
"West Virginia",3576693.73,0.01,"FY26","DWSRF",1090579000,10905790,"STAG—Drinking Water State Revolving Fund",14051000,"WV",17627693.73,6721903.73,0.616361009152019,"Positive"
"Wisconsin",6116146.2783,0.0171,"FY26","DWSRF",1090579000,18648900.9,"STAG—Drinking Water State Revolving Fund",5980000,"WI",12096146.2783,-6552754.6217,-0.351374842776927,"Negative"
"Wyoming",3576693.73,0.01,"FY26","DWSRF",1090579000,10905790,"STAG—Drinking Water State Revolving Fund",1e+06,"WY",4576693.73,-6329096.27,-0.580342760130169,"Negative"
"Alabama",9724105.00153939,0.011181317172766,"FY26","CWSRF",1602584000,17919000,"STAG—Clean Water State Revolving Fund",9637778,"AL",19361883.0015394,1442883.00153936,0.0805225180835626,"Positive"
"Alaska",5204748.65058119,0.00598470969384444,"FY26","CWSRF",1602584000,9591000,"STAG—Clean Water State Revolving Fund",42215000,"AK",47419748.6505812,37828748.6505812,3.94419233141291,"Positive"
"Arizona",5873860.84807536,0.00675409214119198,"FY26","CWSRF",1602584000,10824000,"STAG—Clean Water State Revolving Fund",9707786,"AZ",15581646.8480754,4757646.84807535,0.439546087220561,"Positive"
"Arkansas",5688810.35387786,0.00654131078308532,"FY26","CWSRF",1602584000,10483000,"STAG—Clean Water State Revolving Fund",32306000,"AR",37994810.3538779,27511810.3538778,2.62442147800037,"Positive"
"California",62197587.5130552,0.0715182480294325,"FY26","CWSRF",1602584000,114614000,"STAG—Clean Water State Revolving Fund",53918000,"CA",116115587.513055,1501587.51305515,0.0131012573774159,"Positive"
"Colorado",6956487.63964135,0.0079989566849538,"FY26","CWSRF",1602584000,12819000,"STAG—Clean Water State Revolving Fund",13702000,"CO",20658487.6396414,7839487.63964135,0.611552199051514,"Positive"
"Connecticut",10653698.8330946,0.0122502159013194,"FY26","CWSRF",1602584000,19632000,"STAG—Clean Water State Revolving Fund",15754552,"CT",26408250.8330946,6776250.83309455,0.345163550992998,"Positive"
"Delaware",4269185.44824546,0.00490894705051342,"FY26","CWSRF",1602584000,7867000,"STAG—Clean Water State Revolving Fund",9100000,"DE",13369185.4482455,5502185.44824546,0.699400717966882,"Positive"
"Florida",29355194.8185318,0.0337542369073946,"FY26","CWSRF",1602584000,54094000.0000001,"STAG—Clean Water State Revolving Fund",61256000,"FL",90611194.8185318,36517194.8185317,0.675069227983357,"Positive"
"Georgia",14703645.572672,0.0169070700818179,"FY26","CWSRF",1602584000,27095000.0000001,"STAG—Clean Water State Revolving Fund",12033000,"GA",26736645.572672,-358354.427328054,-0.0132258507963851,"Negative"
"Hawaii",6735620.92076047,0.00774499183818134,"FY26","CWSRF",1602584000,12412000,"STAG—Clean Water State Revolving Fund",1092000,"HI",7827620.92076047,-4584379.07923953,-0.369350554241019,"Negative"
"Idaho",4269185.44824546,0.00490894705051342,"FY26","CWSRF",1602584000,7867000,NA,0,"ID",4269185.44824546,-3597814.55175454,-0.457329929039601,"Negative"
"Illinois",39331641.4030678,0.0452257104775787,"FY26","CWSRF",1602584000,72478000,"STAG—Clean Water State Revolving Fund",34978000,"IL",74309641.4030678,1831641.40306781,0.0252716880028121,"Positive"
"Indiana",20958460.8105616,0.0240992047842734,"FY26","CWSRF",1602584000,38621000,"STAG—Clean Water State Revolving Fund",25700000,"IN",46658460.8105616,8037460.8105616,0.208111152237425,"Positive"
"Iowa",11769971.1690601,0.013533767964737,"FY26","CWSRF",1602584000,21689000.0000001,"STAG—Clean Water State Revolving Fund",7950000,"IA",19719971.1690601,-1969028.83093998,-0.0907846756853693,"Negative"
"Kansas",7849722.57644217,0.00902604793258887,"FY26","CWSRF",1602584000,14465000,"STAG—Clean Water State Revolving Fund",3587146,"KS",11436868.5764422,-3028131.42355783,-0.209341958075204,"Negative"
"Kentucky",11068298.7673083,0.0127269459822387,"FY26","CWSRF",1602584000,20396000,"STAG—Clean Water State Revolving Fund",16746400,"KY",27814698.7673083,7418698.76730828,0.363733024480696,"Positive"
"Louisiana",9560218.64010935,0.0109928715125073,"FY26","CWSRF",1602584000,17617000,"STAG—Clean Water State Revolving Fund",21618000,"LA",31178218.6401094,13561218.6401094,0.769780248629696,"Positive"
"Maine",6731822.23026375,0.00774062389241375,"FY26","CWSRF",1602584000,12405000,"STAG—Clean Water State Revolving Fund",54923104,"ME",61654926.2302637,49249926.2302638,3.97016737043642,"Positive"
"Maryland",21033349.2803541,0.0241853157151201,"FY26","CWSRF",1602584000,38759000,"STAG—Clean Water State Revolving Fund",18470000,"MD",39503349.2803541,744349.280354068,0.0192045532741832,"Positive"
"Massachusetts",29526678.5609553,0.0339514184591884,"FY26","CWSRF",1602584000,54410000,"STAG—Clean Water State Revolving Fund",26158500,"MA",55685178.5609553,1275178.56095532,0.0234364741950986,"Positive"
"Michigan",37393223.9095972,0.0429968101516052,"FY26","CWSRF",1602584000,68906000.0000001,"STAG—Clean Water State Revolving Fund",29523200,"MI",66916423.9095972,-1989576.09040286,-0.0288737713755385,"Negative"
"Minnesota",15984346.9401386,0.0183796917977466,"FY26","CWSRF",1602584000,29454999.9999999,"STAG—Clean Water State Revolving Fund",39810000,"MN",55794346.9401386,26339346.9401387,0.894223287731751,"Positive"
"Mississippi",7835070.48452624,0.00900920014177104,"FY26","CWSRF",1602584000,14438000,"STAG—Clean Water State Revolving Fund",15728000,"MS",23563070.4845262,9125070.48452624,0.632017626023427,"Positive"
"Missouri",24108117.9024157,0.0277208558178542,"FY26","CWSRF",1602584000,44425000,NA,0,"MO",24108117.9024157,-20316882.0975844,-0.457329929039602,"Negative"
"Montana",4269185.44824546,0.00490894705051342,"FY26","CWSRF",1602584000,7867000,"STAG—Clean Water State Revolving Fund",825000,"MT",5094185.44824546,-2772814.55175454,-0.35246149126154,"Negative"
"Nebraska",4448266.57166239,0.00511486449384244,"FY26","CWSRF",1602584000,8196999.99999999,"STAG—Clean Water State Revolving Fund",9203000,"NE",13651266.5716624,5454266.5716624,0.665397898214273,"Positive"
"Nevada",4269185.44824546,0.00490894705051342,"FY26","CWSRF",1602584000,7867000,"STAG—Clean Water State Revolving Fund",13837766,"NV",18106951.4482455,10239951.4482455,1.30163358945538,"Positive"
"New Hampshire",8690861.18643079,0.00999323592398277,"FY26","CWSRF",1602584000,16015000,"STAG—Clean Water State Revolving Fund",3276000,"NH",11966861.1864308,-4048138.81356921,-0.252771702377097,"Negative"
"New Jersey",35537834.9369836,0.040863380640266,"FY26","CWSRF",1602584000,65487000,"STAG—Clean Water State Revolving Fund",30266120,"NJ",65803954.9369836,316954.936983556,0.00483996727569678,"Positive"
"New Mexico",4269185.44824546,0.00490894705051342,"FY26","CWSRF",1602584000,7867000,"STAG—Clean Water State Revolving Fund",7708000,"NM",11977185.4482455,4110185.44824546,0.522459062952264,"Positive"
"New York",95991280.8419721,0.110376117570124,"FY26","CWSRF",1602584000,176887000,"STAG—Clean Water State Revolving Fund",50040008,"NY",146031288.841972,-30855711.1580275,-0.174437415740148,"Negative"
"North Carolina",15695103.7923167,0.0180471039271576,"FY26","CWSRF",1602584000,28921999.9999999,"STAG—Clean Water State Revolving Fund",15469000,"NC",31164103.7923167,2242103.79231676,0.0775224324845021,"Positive"
"North Dakota",4269185.44824546,0.00490894705051342,"FY26","CWSRF",1602584000,7867000,NA,0,"ND",4269185.44824546,-3597814.55175454,-0.457329929039601,"Negative"
"Ohio",48958065.7918343,0.0562947090448925,"FY26","CWSRF",1602584000,90217000,"STAG—Clean Water State Revolving Fund",24083166,"OH",73041231.7918343,-17175768.2081657,-0.190382834811241,"Negative"
"Oklahoma",7025949.40872429,0.00807882769327536,"FY26","CWSRF",1602584000,12947000,"STAG—Clean Water State Revolving Fund",8420000,"OK",15445949.4087243,2498949.40872429,0.193013779927728,"Positive"
"Oregon",9823956.2945961,0.0112961317472282,"FY26","CWSRF",1602584000,18103000,"STAG—Clean Water State Revolving Fund",15960000,"OR",25783956.2945961,7680956.29459614,0.424291901596208,"Positive"
"Pennsylvania",34448153.4344952,0.0396104041972215,"FY26","CWSRF",1602584000,63479000,"STAG—Clean Water State Revolving Fund",18219528,"PA",52667681.4344952,-10811318.5655048,-0.170313309370104,"Negative"
"Rhode Island",5839672.63360485,0.00671478062928371,"FY26","CWSRF",1602584000,10761000,"STAG—Clean Water State Revolving Fund",10357413,"RI",16197085.6336049,5436085.63360485,0.505165471016155,"Positive"
"South Carolina",8909014.55495687,0.0102440808094927,"FY26","CWSRF",1602584000,16417000,"STAG—Clean Water State Revolving Fund",15783000,"SC",24692014.5549569,8275014.55495682,0.504051565752378,"Positive"
"South Dakota",4269185.44824546,0.00490894705051342,"FY26","CWSRF",1602584000,7867000,NA,0,"SD",4269185.44824546,-3597814.55175454,-0.457329929039601,"Negative"
"Tennessee",12633359.2519581,0.0145265396384838,"FY26","CWSRF",1602584000,23279999.9999999,"STAG—Clean Water State Revolving Fund",5e+06,"TN",17633359.2519581,-5646640.74804182,-0.242553296737192,"Negative"
"Texas",39748412.0175654,0.0457049365275081,"FY26","CWSRF",1602584000,73246000,"STAG—Clean Water State Revolving Fund",31331909,"TX",71080321.0175654,-2165678.98243465,-0.0295671979689627,"Negative"
"Utah",4582306.07918961,0.00526899058021296,"FY26","CWSRF",1602584000,8444000,"STAG—Clean Water State Revolving Fund",8500000,"UT",13082306.0791896,4638306.0791896,0.549301998956608,"Positive"
"Vermont",4269185.44824546,0.00490894705051342,"FY26","CWSRF",1602584000,7867000,"STAG—Clean Water State Revolving Fund",9142000,"VT",13411185.4482455,5544185.44824546,0.70473947479922,"Positive"
"Virginia",17797950.3172882,0.0204650739056424,"FY26","CWSRF",1602584000,32797000,"STAG—Clean Water State Revolving Fund",22386000,"VA",40183950.3172882,7386950.31728818,0.2252325004509,"Positive"
"Washington",15123672.2075954,0.0173900400852623,"FY26","CWSRF",1602584000,27869000,"STAG—Clean Water State Revolving Fund",22063000,"WA",37186672.2075954,9317672.2075954,0.334338232717191,"Positive"
"West Virginia",13556983.7127327,0.0155885744522596,"FY26","CWSRF",1602584000,24982000,"STAG—Clean Water State Revolving Fund",17850000,"WV",31406983.7127327,6424983.7127327,0.257184521364691,"Positive"
"Wisconsin",23510638.1542883,0.0270338403478382,"FY26","CWSRF",1602584000,43323999.9999999,"STAG—Clean Water State Revolving Fund",8520000,"WI",32030638.1542883,-11293361.8457116,-0.260672187372164,"Negative"
"Wyoming",4269185.44824546,0.00490894705051342,"FY26","CWSRF",1602584000,7867000,"STAG—Clean Water State Revolving Fund",3750000,"WY",8019185.44824546,152185.448245461,0.0193447881334004,"Positive"
